"uriAudiencia","codigoAudiencia","observaciones","descripcion","materia","anio","trimestre"
"http://datos.infolobby.cl/infolobby/registroaudiencia/mu0713954261","mu0713954261","Presentación de Jefatura Zonal de la ACHS a la Alcaldía de Cunco","ALCALDIA","Ninguna de las anteriores. - ",2014,4
"http://datos.infolobby.cl/infolobby/registroaudiencia/ad008201","ad008201","LOS REPRESENTANTES DE LA EMPRESA ROLLER GROUP LTDA., REALIZARON LA PRESENTACIÓN DE LOS PRODUCTOS QUE OFRECEN LAS COMPAÑÍAS EUROPEAS:  LAN FRANCO, SEFAC DE FRANCIA Y GRUPOS DIFERENCIALES DE ESPAÑA, LA PRIMERA EMPRESA PROVEE DE REPUESTOS, EQUIPOS E INSUMOS INDUSTRIALES, EN SECTOR DE DEFENSA., LA SIGUIENTE EMPRESA OFRECE PERNERIA Y TUERCAS AUTOBLOCANTES DE SEGURIDAD, A LAS CUALES SE LES INDICÓ QUE PARA NUESTRA INSTITUCIÓN NO ES APLICABLE, YA QUE TODOS ESTOS ELEMENTOS DEBEN SER  VALIDADOS Y CONTAR CON Nº OTAN,  EN RELACIÓN A LA EMPRESA QUE OFRECE EQUIPOS DE LEVANTAMIENTOS, SE LE SOLICITÓ ENTREGAR INFORMACIÓN PARA  CUALQUIER REQUERIMIENTO  QUE SE PUDIESE TENER.","Pedro Aguirre Cerda 5500 Cerrillos Cdo. Logístico","Ninguna de las anteriores. - ",2014,4
"http://datos.infolobby.cl/infolobby/registroaudiencia/nr0021211","nr0021211","LEGALIDAD DEL PROCEDIMIENTO DE REAVALÚO DEL AÑO 2013 - 2014 POR FALTA DE FUNDAMENTACIÓN.","CONTRALORÍA GENERAL DE LA REPÚBLICA","Ninguna de las anteriores. - ",2014,4
"http://datos.infolobby.cl/infolobby/registroaudiencia/nr0021321","nr0021321","RECONOCIMIENTO DE PLAZOS Y OBRAS EN LA COMUNA DE SANTIAGO","CONTRALORÍA GENERAL DE LA REPÚBLICA","Ninguna de las anteriores. - ",2014,4
"http://datos.infolobby.cl/infolobby/registroaudiencia/nr0021391","nr0021391","DENUNCIA DE EVENTUALES IRREGULARIDADES EN EL PROCEDIMIENTO DE ENTREGA DE RECURSOS A LOS CUERPOS DE BOMBEROS Y RENDICIONES DE CUENTA CORRESPONDIENTES AL DE CALERA DE TANGO.","CONTRALORÍA GENERAL DE LA REPÚBLICA","Ninguna de las anteriores. - ",2014,4
"http://datos.infolobby.cl/infolobby/registroaudiencia/nr0051231","nr0051231","Dar a conocer la marcha de la fundación, del Hogar Betania ubicado en Pucón y del Hogar Pablo VI ubicado en San Felipe. Conocer el panorama legislativo relativo a las materias de cuidado de los niños que son los ocupantes de estos hogares, esto es, niños cuyos derechos han sido vulnerados.","Miraflores 222 Piso 7","Ninguna de las anteriores. - ",2014,4
"http://datos.infolobby.cl/infolobby/registroaudiencia/nr0051261","nr0051261","Invitación a participar en próximo Seminario Internacional Residuos en Chiley la solicitud de contactos con países de América Latina","Senado","Ninguna de las anteriores. - ",2014,4
"http://datos.infolobby.cl/infolobby/registroaudiencia/nr0051271","nr0051271","Reforma Educacional. Presentación de planteamientos de CONACEP sobre la reforma educacional.","Ex-Congreso Nacional","Ninguna de las anteriores. - ",2014,4
"http://datos.infolobby.cl/infolobby/registroaudiencia/nr0051281","nr0051281","Problemática asociada a Bocamina 2 en la Comuna de Coronel Región del Bio Bio.","Senado","Ninguna de las anteriores. - ",2014,4
"http://datos.infolobby.cl/infolobby/registroaudiencia/nr0051311","nr0051311","Modificación Ley de Educación","Oficina Regional Senador Coloma","Ninguna de las anteriores. - ",2014,4
"http://datos.infolobby.cl/infolobby/registroaudiencia/nr0051321","nr0051321","Estado actual de la evolución del proceso para conformar un Área Marina Protegida en Isla de Pascua.","Oficina Del Senador En El Congreso Nacional.","Ninguna de las anteriores. - ",2014,4
"http://datos.infolobby.cl/infolobby/registroaudiencia/nr0051361","nr0051361","TRATAR TEMAS RELACIONADOS AL CÓDIGO DE AGUAS","Oficinas Sna Santiago","Ninguna de las anteriores. - ",2014,4
"http://datos.infolobby.cl/infolobby/registroaudiencia/nr0051491","nr0051491","Exponer las razones que fundamentan la oposición de los agricultores de la comuna de Bulnes al proyecto termoeléctrico ""El Campesino""","Sede Parlamentaria Concepción","Ninguna de las anteriores. - ",2014,4
"http://datos.infolobby.cl/infolobby/registroaudiencia/nr005671","nr005671","Proyecto de Ley sobre Creación de una Intendencia de Supervision y control de la informacion financiera y exigencia de certificacion integral complementaria a la auditoria externa.-","Guardia Vieja 392","Ninguna de las anteriores. - ",2014,4
"http://datos.infolobby.cl/infolobby/registroaudiencia/nr005681","nr005681","Proyecto Reforma Laboral ""Ley de Piso""- Solicitud de Legislar Ley de Piso- - Revisar Art. Cuarto del CÃ³digo del Trabajo- Generar Proyecto de Ley de dicho ArtÃ­culo","Senado Congreso Nacional","Ninguna de las anteriores. - ",2014,4
"http://datos.infolobby.cl/infolobby/registroaudiencia/nr005721","nr005721","sobre radiodifusores de la región de Antofagasta respecto de la ley del 20% de la música chilena en las radioemisoras","Senado","Ninguna de las anteriores. - ",2014,4
"http://datos.infolobby.cl/infolobby/registroaudiencia/nr005741","nr005741","Realizada el 15 de diciembre de 2014 a las 11:00 horas. Indicacion Pesca Descarte","Senado","Ninguna de las anteriores. - ",2014,4
"http://datos.infolobby.cl/infolobby/registroaudiencia/nr005791","nr005791","Propuestas sobre Reforma Educacional  de Educación 20 y 20","Morande 441","Ninguna de las anteriores. - ",2014,4
"http://datos.infolobby.cl/infolobby/registroaudiencia/nr005951","nr005951","La empresa ha desarrollado un proceso de participación ciudadana anticipada, presentando el proyecto tanto a autoridades regionales como a la comunidad, con el objetivo de que todos los actores involucrados conozcan en detalle el proyecto.","Independencia N°625, Piso 2","Ninguna de las anteriores. - ",2014,4
"http://datos.infolobby.cl/infolobby/registroaudiencia/nr006ar6011","nr006ar6011","Entrega de información de estado del suministro de agua potable en la región de Coquimbo.","La Serena, Región de Coquimbo","Ninguna de las anteriores. - ",2014,4
"http://datos.infolobby.cl/infolobby/registroaudiencia/nr006ar6031","nr006ar6031","Los representantes de GNL Chile tienen interés en conversar con usted para informarlo sobre la actividad de la empresa, el mercado internacional del GNL, la operación del terminal GNL Quintero y el proceso de oferta de nueva capacidad de regasificación y suministro de GNL que se encuentra en curso. Lo anterior en el contexto de la Agenda de Energía que ha definido el gobierno donde el GNL ha adquirido especial relevancia.","Santiago, Región Metropolitana de Santiago","Ninguna de las anteriores. - ",2014,4
"http://datos.infolobby.cl/infolobby/registroaudiencia/nr006ar6471","nr006ar6471","Entrega de información de estado del suministro de agua potable en la región de Valparaíso","Valparaíso, Región de Valparaíso","Ninguna de las anteriores. - ",2014,4
"http://datos.infolobby.cl/infolobby/registroaudiencia/nr006ar6481","nr006ar6481","AVP, MATRIMONIO IGUALITARIO Y ABORTO.","Valparaíso, Región de Valparaíso","Ninguna de las anteriores. - ",2014,4
"http://datos.infolobby.cl/infolobby/registroaudiencia/nr006ar6511","nr006ar6511","Invitación cursada por el gerente general de Mina Invierno. Motivo: Conocer la realidad en situ de la importancia de fortalecer las comunas  rurales en contacto con sus vecinos y pobladores.","Santiago, Región Metropolitana de Santiago","Ninguna de las anteriores. - ",2014,4
"http://datos.infolobby.cl/infolobby/registroaudiencia/nr006ar6521","nr006ar6521","Ley de Transmisión de Música Chilena en Radioemisoras.","Valparaíso, Región de Valparaíso","Ninguna de las anteriores. - ",2014,4
"http://datos.infolobby.cl/infolobby/registroaudiencia/nr006ar6531","nr006ar6531","Legislación Laboral","Santiago, Región Metropolitana de Santiago","Ninguna de las anteriores. - ",2014,4
"http://datos.infolobby.cl/infolobby/registroaudiencia/nr006ar6551","nr006ar6551","   emisión de música nacional y música de raíz folclórica oral a la radiodifusión chilena","Valparaíso, Región de Valparaíso","Ninguna de las anteriores. - ",2014,4
"http://datos.infolobby.cl/infolobby/registroaudiencia/nr006ar6561","nr006ar6561","Como Presidente de la Comisión de Derechos del Consumidor de la Sofofa y Gerente General del Comité de Retail Financiero, abordar aspectos relativos al proyecto de ley que modifica la institucionalidad de Sernac (Boletín 9369), actualmente en discusión en la Comisión de Constitución, Legislación y Justicia de la Cámara de Diputados","Santiago, Región Metropolitana de Santiago","Ninguna de las anteriores. - ",2014,4
"http://datos.infolobby.cl/infolobby/registroaudiencia/nr006ar6581","nr006ar6581","Bono a los trabajadores que realicen el servicio de recolección y transporte de residuos sólidos en calles y domiciliario.","Valparaíso, Región de Valparaíso","Ninguna de las anteriores. - ",2014,4
"http://datos.infolobby.cl/infolobby/registroaudiencia/nr006ar6591","nr006ar6591","Acoso sexual callejero respecto del sexo femenino","Valparaíso, Región de Valparaíso","Ninguna de las anteriores. - ",2014,4
"http://datos.infolobby.cl/infolobby/registroaudiencia/nr006ar6611","nr006ar6611","enfermedad neurodegenerativa (creutzfeldt)","Valparaíso, Región de Valparaíso","Ninguna de las anteriores. - ",2014,4
"http://datos.infolobby.cl/infolobby/registroaudiencia/nr006ar6651","nr006ar6651","Proyecto de ley que Fija porcentajes mínimos de emisión de música nacional y música de raíz folklórica oral, a la radio difusión chilena.","Valparaíso, Región de Valparaíso","Ninguna de las anteriores. - ",2014,4
"http://datos.infolobby.cl/infolobby/registroaudiencia/nr006ar6671","nr006ar6671","Dar a conocer estado de desarrollo de proyecto de energia renovable en Isla de Chiloé.","Santiago, Región Metropolitana de Santiago","Ninguna de las anteriores. - ",2014,4
"http://datos.infolobby.cl/infolobby/registroaudiencia/nr006ar6711","nr006ar6711","Mejorar la calidad de vida de los discapacitados","Valparaíso, Región de Valparaíso","Ninguna de las anteriores. - ",2014,4
"http://datos.infolobby.cl/infolobby/registroaudiencia/nr006ar6721","nr006ar6721","Relaciones laborales y normativa eléctrica","Valparaíso, Región de Valparaíso","Ninguna de las anteriores. - ",2014,4
"http://datos.infolobby.cl/infolobby/registroaudiencia/nr006ar6731","nr006ar6731","Promueven equipos de Colector Termo Solar. Inslalan estos paneles, tienen medidas de seguridad y post venta.                           ","Santiago, Región Metropolitana de Santiago","Ninguna de las anteriores. - ",2014,4
"http://datos.infolobby.cl/infolobby/registroaudiencia/nr006ar6851","nr006ar6851","Problemática por créditos entregados por las Cajas de Compensación a personas con PBS a partir 2008 y con antelación a las modificación introducida por la SUSESO en oficio circular 2824.","Santiago, Región Metropolitana de Santiago","Ninguna de las anteriores. - ",2014,4
"http://datos.infolobby.cl/infolobby/registroaudiencia/nr006ar6881","nr006ar6881","Indicaciones a Fusión de Proyectos que modifican Ley 20.000","Valparaíso, Región de Valparaíso","Ninguna de las anteriores. - ",2014,4
"http://datos.infolobby.cl/infolobby/registroaudiencia/co001indh-11","co001indh-11","Presentación institucional de ONG Comunidad y Justicia y posibilidad de convenio","INDH","Ninguna de las anteriores. - ",2014,4
"http://datos.infolobby.cl/infolobby/registroaudiencia/nr0051111","nr0051111","No se presentaron a la reunión.","Mornadé 441. Oficina Senador Jorge Pizarro","Ninguna de las anteriores. - ",2014,4
"http://datos.infolobby.cl/infolobby/registroaudiencia/nr0051191","nr0051191","Reforma Educacional","Morande 441","Ninguna de las anteriores. - ",2014,4
"http://datos.infolobby.cl/infolobby/registroaudiencia/nr0051221","nr0051221","Reforma Educacional, tema Selección","Morande 441","Ninguna de las anteriores. - ",2014,4
"http://datos.infolobby.cl/infolobby/registroaudiencia/nr0051241","nr0051241","Reforma Educación, presentación de Colegios alemanes de Chile. Tema pre selección.","Morandé 441, Oficina Senador J.Pizarro","Ninguna de las anteriores. - ",2014,4
"http://datos.infolobby.cl/infolobby/registroaudiencia/nr0051291","nr0051291","Bono compensatorio de los colectiveros","Oficina Regional Senador Coloma","Ninguna de las anteriores. - ",2014,4
"http://datos.infolobby.cl/infolobby/registroaudiencia/nr005691","nr005691","Estudiar la posibilidad de realiza un Proyecto de intervención en materia de abuso del alcohol en la Región del Maule por parte de la Fundación que el dirige y solicitud de aporte para la Fundación.","Oficina Del Senado","Ninguna de las anteriores. - ",2014,4
"http://datos.infolobby.cl/infolobby/registroaudiencia/nr005781","nr005781","Planteamientos respecto del proyecto de ley boletin N° 8784-04 que renueva la vigencia de la ley 19.648 de 1999, sobre acceso a la titularidad de los docentes a contrata en los establecimientos pulicos subvencionados.Además plantearon los temas que les afectan directamente contenidos en la denominada agenda corta:1.- Titularidad de la Función2.- Bono al Incentivo3.- Agobio laboral4.- Ingreso Mí­nimo Docente5.- Deuda Histórica","Congreso Nacional","Ninguna de las anteriores. - ",2014,4
"http://datos.infolobby.cl/infolobby/registroaudiencia/nr005891","nr005891","Gas - Puerto de Quinteros.","Oficina Presidencia Senado Santiago Morande 441","Ninguna de las anteriores. - ",2014,4
"http://datos.infolobby.cl/infolobby/registroaudiencia/nr005931","nr005931","Ley Corta educación publica","Oficina Parlamentaria","Ninguna de las anteriores. - ",2014,4
"http://datos.infolobby.cl/infolobby/registroaudiencia/nr0051251","nr0051251","Como director de establecimiento católico-particular se expuso en relación a la reforma educación y como ven que les afecta en la medida que sea aprobada tal como se presentó.","Morandé 441. Oficina Senador Jorge Pizarro","Ninguna de las anteriores. - ",2014,4
"http://datos.infolobby.cl/infolobby/registroaudiencia/nr0051301","nr0051301","Entrega su perspectiva en torno a la realidad del gremio.","Ex-Congreso","Ninguna de las anteriores. - ",2014,4
"http://datos.infolobby.cl/infolobby/registroaudiencia/nr005661","nr005661","Reunión para tratar modificaciones introducidas al proyeco de ley que fija porcentajes minimos en la emisión radial de la música chilena.","Oficina Del Senado","Ninguna de las anteriores. - ",2014,4
"http://datos.infolobby.cl/infolobby/registroaudiencia/ad008151","ad008151","SALUDO PROTOCOLAR","Avda. Pedro Aguirre Cerda 5500 - Edificio Delphos - Piso 16","Ninguna de las anteriores. - ",2014,4
"http://datos.infolobby.cl/infolobby/registroaudiencia/ap0011131","ap0011131","problemática existente en la comuna con algunos comité de vivienda","Subsecretaría MINVU","Ninguna de las anteriores. - ",2014,4
"http://datos.infolobby.cl/infolobby/registroaudiencia/nr002771","nr002771","DECRETO SUPREMO Nº167 DE TRANSPORTES Y TELECOMUNICACIONES.","CONTRALORÍA GENERAL DE LA REPÚBLICA","Ninguna de las anteriores. - ",2014,4
"http://datos.infolobby.cl/infolobby/registroaudiencia/nr0051011","nr0051011","Reunión de presentación de MC de Inversiones en Chile, su misión y visión.","Senado, Congreso Nacional. Oficina Senador Ricardo Lagos","Ninguna de las anteriores. - ",2014,4
"http://datos.infolobby.cl/infolobby/registroaudiencia/nr0051211","nr0051211","Situación de trabajadores del Cementerio General,  que desean recibir beneficio de incentivo al retiro","Morande 441","Ninguna de las anteriores. - ",2014,4
"http://datos.infolobby.cl/infolobby/registroaudiencia/nr005701","nr005701","Se hizo un recorrido por las instalaciones de la planta de acopio de residuos peligrosos. AdemÃ¡s, se dio a conocer los laboratorios de la empresa, Ãºnicos en su tipo. Se conversÃ³ del proyecto de ley que regula el traslado de desechos y las nuevas sanciones penales que tendrÃ­an los infractores. Por Ãºltimo, se plantearon los temas de carÃ¡cter medioambientales que aÃºn no estÃ¡n regulados en nuestros paÃ­s.","Planta Hidronor","Ninguna de las anteriores. - ",2014,4
"http://datos.infolobby.cl/infolobby/registroaudiencia/nr005811","nr005811","Entrega del estudio ""De la Macro a la Micro"", elaborado por la Facultad de Economía y Negocios de la Universidad de Chile.","Oficina Senado Santiago, Morandé 441.","Ninguna de las anteriores. - ",2014,4
"http://datos.infolobby.cl/infolobby/registroaudiencia/nr005861","nr005861","Presentar ante el Senador a la Union Magallanica de Trabajadores- quienes son- que es lo que hacen.","Oficina Senador Piso 9","Ninguna de las anteriores. - ",2014,4
"http://datos.infolobby.cl/infolobby/registroaudiencia/nr005921","nr005921","Proyecto de Ley sobre Asignación de estimulo fito y zoosanitario para funcionarios del SAG","Oficina Parlamentaria","Ninguna de las anteriores. - ",2014,4
"http://datos.infolobby.cl/infolobby/registroaudiencia/nr006ar7321","nr006ar7321","Problemas con el trasporte de explosivos para la actividad pirquinera en la región de Atacama","Valparaíso, Región de Valparaíso","Ninguna de las anteriores. - ",2014,4
"http://datos.infolobby.cl/infolobby/registroaudiencia/ab001591","ab001591","Plantear inquietud del gremio por dificultad de brigadistas de incendios, para controlar incendios forestales y solicitar apoyo para cumplir tal función.  A esta reunión asistieron, además, los Srs. Eduardo Hernández, Gerente Forestal Mininco; José Muñoz, Gerente de Producción de Volterra y, Alvaro Cruz, Director de Empresas Bosques Cautín.","Gabinete subsecretaría","Diseño, implementación y evaluación de políticas, planes y programas efectuados por los sujetos pasivos. - ",2014,4
"http://datos.infolobby.cl/infolobby/registroaudiencia/ad009021","ad009021","Se expusieron los productos textiles y de confección","Avenida Libertador Bernardo O´Higgins 1196, Piso 9","Celebración, modificación o terminación a cualquier título, de contratos que realicen los sujetos pasivos y que sean necesarios para su funcionamiento. - ",2014,4
"http://datos.infolobby.cl/infolobby/registroaudiencia/ad009131","ad009131","Se dieron a conocer los servicios de seguridad TI, vinculación de enlaces, Zimperium, soporte tecnológico, protección de ataques.","Avenida Libertador Bernardo O´Higgins 1196, Piso 9","Celebración, modificación o terminación a cualquier título, de contratos que realicen los sujetos pasivos y que sean necesarios para su funcionamiento. - ",2014,4
"http://datos.infolobby.cl/infolobby/registroaudiencia/ae001441","ae001441","Situación de la actividad de la construcción. Perfeccionamiento del D.S 16 Modificación de la OGUC Rápida ejecución del presupuesto público Traspaso de programa de hospitales al MOP Adelantar dictación de reglamento de la Reforma Tributaria  Apoyo a nueva institucionalidad de Concesiones.","Ministerio de Hacienda","Ninguna de las anteriores. - ",2014,4
"http://datos.infolobby.cl/infolobby/registroaudiencia/ae001451","ae001451","Ante proyecto de ley de fortalecimiento de derechos colectivos. Reforma Laboral Proyecto de Ley sobre fortalecimiento de la negociación colectiva en las empresas. Pactos de adaptabilidad Sanciones a huelgas ilegales","Teatinos 120 - Piso 12","Elaboración, dictación, modificación, derogación o rechazo de actos administrativos, proyectos de ley y leyes, y también de las decisiones que tomen los sujetos pasivos - ",2014,4
"http://datos.infolobby.cl/infolobby/registroaudiencia/ah001381","ah001381","Plantear espacios de colaboración público-privado para fortalecer la capacitación del capital humano del país, y el intercambio de experiencias formativas entre Chile y la India, especialmente en el ámbito de las tecnologías de la información.  ?","Gabinete de la Subsecretaria","Diseño, implementación y evaluación de políticas, planes y programas efectuados por los sujetos pasivos. - ",2014,4
"http://datos.infolobby.cl/infolobby/registroaudiencia/ah001711","ah001711","1- Proyecto de ley SERNAC 2- Reglamento consentimiento.","Gabinete Ministro","Elaboración, tramitación, aprobación, modificación, derogación o rechazo de acuerdos, declaraciones o decisiones del Congreso Nacional o sus miembros incluidas sus comisiones. -  Elaboración, dictación, modificación, derogación o rechazo de actos administrativos, proyectos de ley y leyes, y también de las decisiones que tomen los sujetos pasivos - ",2014,4
"http://datos.infolobby.cl/infolobby/registroaudiencia/al0011141","al0011141","PROTOCOLOS DE ACUERDO TOMADOS CON JUNAEB NACIONAL Y EMPRESARIIADO VINCULADO CON JUNAEB , NUTRE-CHILE, BASES DE LICITACION 2014 , EXPONER NUESTRA POSTURA ANTE REFORMA LABORAL","Gabinete Subsecretario","Elaboración, tramitación, aprobación, modificación, derogación o rechazo de acuerdos, declaraciones o decisiones del Congreso Nacional o sus miembros incluidas sus comisiones. - ",2014,4
"http://datos.infolobby.cl/infolobby/registroaudiencia/al001361","al001361","Análisis de la Situación laboral Interna de Metro Agenda futuro de Metro.","Gabinete Subsecretaría","Elaboración, dictación, modificación, derogación o rechazo de actos administrativos, proyectos de ley y leyes, y también de las decisiones que tomen los sujetos pasivos -  Elaboración, tramitación, aprobación, modificación, derogación o rechazo de acuerdos, declaraciones o decisiones del Congreso Nacional o sus miembros incluidas sus comisiones. - ",2014,4
"http://datos.infolobby.cl/infolobby/registroaudiencia/am001791","am001791","Posibilidad de  cooperación ténica desde CAF al MOP","Gabinete Ministro, Morandé 59, piso 6.","Ninguna de las anteriores. - ",2014,4
"http://datos.infolobby.cl/infolobby/registroaudiencia/an002891","an002891","Diseño, implementación y evaluación de políticas, planes y programas efectados por los sugetos pasivos. Conversar de las soluciones LTE Industriales.","Subtel","Diseño, implementación y evaluación de políticas, planes y programas efectuados por los sujetos pasivos. - ",2014,4
"http://datos.infolobby.cl/infolobby/registroaudiencia/as0011051","as0011051","Información sobre Minera Florida y su proyecto que está en evaluación","Subsecretaria de Minería, Teatinos 120-Piso 9","Ninguna de las anteriores. - ",2014,4
"http://datos.infolobby.cl/infolobby/registroaudiencia/as0011081","as0011081","Análisis de la matriz de permisos y regulaciones de la actividad minera","Gabinete Ministra, Teatinos 120, piso 9","Ninguna de las anteriores. - ",2014,4
"http://datos.infolobby.cl/infolobby/registroaudiencia/aw002981","aw002981","Proteccion de areas marinas Acta de reunión: la reunión se efectuó con fecha 04 de diciembre de 2014 a las 13:00 horas en la oficina de gabinete del Ministro Pablo Badenier Martínez,, el tema a tratar fue los proyectos de creación  de áreas marinas protegidas.","Oficina de Ministro","Diseño, implementación y evaluación de políticas, planes y programas efectuados por los sujetos pasivos. - ",2014,4
"http://datos.infolobby.cl/infolobby/registroaudiencia/nr0021311","nr0021311","SOLICITA REUNION CON EL SEÑOR CONTRALOR GENERAL DE LA REPUBLICA PARA EL 29 DE DICIEMBRE DE 2014 A LAS 12:00 PARA LOS SIGUIENTES TEMAS:- COMUNICAR AL SEÑOR CONTRALOR QUE LA ASOCIACION DE MUNICIPALIDADES DE CHILE (AMUCH) PRESENTARA UNA SOLICITUD DE PRONUNCIAMIENTO DEL ENTE CONTRALOR RESPECTO DE LA LEGALIDAD DE TODOS Y CADA UNO DE LOS ACTOS ADMNISTRATIVOS DE LA INTENDENCIA DE LA REGIÓN METROPOLITANA DE SANTIAGO QUE HAN INCIDIDO EN LA ASIGNACIÓN Y ELECCIÓN DE LAS COMUNAS QUE SE VERÁN BENEFICIADAS CON LA IMPLEMENTACÍÓN DE LOS PROYECTOS DE QUE DA CUENTA EL OFICIO N°03915 DEL 15 DE DICIEMBRE DE 2014 INGRESADO POR LA INTENDENCIA DE SANTIAGO ANTE EL GOBIERNO REGIONAL METROPOLITANO DE SANTIAGO.- INFORMAR AL SEÑOR CONTRALOR DEL RELANZAMIENTO DEL OBSERVATORIO MUNICIPAL DE FISCALIZACIÓN GUBERNAMENTAL DE LA ASOCIACIÓN DE MUNICIPALIDADES DE CHILE.","CONTRALORÍA GENERAL DE LA REPÚBLICA","Ninguna de las anteriores. - ",2014,4
"http://datos.infolobby.cl/infolobby/registroaudiencia/nr002471","nr002471","SE REQUIERE PRONUNCIAMIENTO URGENTE DEL ÓRGANO CONTRALOR RESPECTO DE UN ACTO SANCIONADO CON ANTERIORIDAD POR ESTA CONTRALORÍA(DICTAMEN 40.343 DEL 2004) Y QUE ESTA SIENDO VULNERADO POR LAS AUTORIDADES DEL MINISTERIO DE SALUD, CON LO CUAL SE PONE EN RIESGO LA SALUD DE LA POBLACIÓN.ESTA VULNERACIÓN AFECTA EL DERECHO DE LAS PERSONAS A UNA ATENCIÓN DE CALIDAD Y EN LOS MISMOS TÉRMINOS QUE PRESCRIBE EL ARTICULO 112 DEL CÓDIGO SANITARIO Y EL DECRETO 1.704 DE 1993 DEL MINSAL. EL MINISTERIO PRETENDE IMPLEMENTAR UNA POLÍTICA DE TOMA DE RADIOGRAFÍAS Y EXÁMENES DE LABORATORIO POR PERSONAL AUXILIAR U PROFESIONALES DISTINTOS A LOS QUE SEÑALAN LAS LEYES Y DECRETOS QUE RIGEN EL ACTUAR PROFESIONAL Y QUE NO POSEEN LAS COMPETENCIAS PARA REALIZAR DICHAS PRESTACIONES.","CONTRALORÍA GENERAL DE LA REPÚBLICA","Ninguna de las anteriores. - ",2014,4
"http://datos.infolobby.cl/infolobby/registroaudiencia/nr002591","nr002591","SOLICITAMOS QUE SE DEJE SIN EFECTO EL DICTAMEN 058198 DE 30 DE JULIO DE 2014.","CONTRALORÍA GENERAL DE LA REPÚBLICA","Ninguna de las anteriores. - ",2014,4
"http://datos.infolobby.cl/infolobby/registroaudiencia/nr00812014101","nr00812014101","Presentación de la Multigremial de La Araucanía y del instrumento Barómetro de Conflictos de Connotación Indígena realizado en regiones de La Araucanía y Bio Bio.","Oficina Fiscal Regional, Fiscalía Regional de Los Lagos","Ninguna de las anteriores. - ",2014,4
"http://datos.infolobby.cl/infolobby/registroaudiencia/nr00812014141","nr00812014141","Solicitan reunión para analizar plan piloto de intercambio de información de vehículos hallados en la Fiscalía Centro Norte ","Fiscalía Centro Norte, Pedro Montt 1606","Celebración, modificación o terminación a cualquier título, de contratos que realicen los sujetos pasivos y que sean necesarios para su funcionamiento. - ",2014,4
"http://datos.infolobby.cl/infolobby/registroaudiencia/ab002731","ab002731","Alcance ley 20255 y realidad laboral trabajadores a honorarios públicos.  Los Gestores de Intereses Particulares, señalan representar a la Unión Nacional de Trabajadoras y Trabajadores Públicos a Honorarios. Hicieron presente su preocupación frente a las diferencias que existen entre las condiciones de los distintos funcionarios y funcionarias a honorarios, cotizaciones previsionales, e inestabilidad laboral en la que se encuentran.   Asimismo, informan de reuniones que han realizado y otras que esperan concretar con diversos servicios, entre ellos el Ministerio del Trabajo, con el propósito de sumar apoyo en orden a mejorar la calidad contractual de trabajadoras y trabajadores públicos a honorarios.   Requieren que el nivel central realice un estudio de diagnóstico de la situación, para posteriormente ser incorporados en las distintas instancias de trabajo y coordinación del sector público.  Se sugiere a los Gestores de Intereses Particulares que envíen los requerimientos que están planteado, sus fundamentos y antecedentes complementarios, mediante un documento.  Se hace presente que a la reunión sostenida, en el marco de la Ley N° 20.730, asistió el Sr. Patricio Bustamante Fredes, Rut.: 12.833.391-7, no contemplado en la Solicitud de Audiencia.","Morandé N° 115, comuna de Santiago. Piso 12 .","Elaboración, tramitación, aprobación, modificación, derogación o rechazo de acuerdos, declaraciones o decisiones del Congreso Nacional o sus miembros incluidas sus comisiones. - ",2014,4
"http://datos.infolobby.cl/infolobby/registroaudiencia/ab093141","ab093141","Informar al Subsecretario sobre un Sistema de Seguridad de Taxis Colectivos para la CONATACOCH","Subsecretaria","Ninguna de las anteriores. - ",2014,4
"http://datos.infolobby.cl/infolobby/registroaudiencia/ad006721","ad006721","CONVENIO DE ATENCIÓN PREFERENTE","HOSPITAL MILITAR DE SANTIAGO","Celebración, modificación o terminación a cualquier título, de contratos que realicen los sujetos pasivos y que sean necesarios para su funcionamiento. - ",2014,4
"http://datos.infolobby.cl/infolobby/registroaudiencia/ad006741","ad006741","Información sobre el proceso de traslado de aguas en comunas limítrofes","Comando de Ingenieros, Santo Domingo 3317, Quinta Normal, Santiago","Ninguna de las anteriores. - ",2014,4
"http://datos.infolobby.cl/infolobby/registroaudiencia/ad006751","ad006751","Diferentes puntos con respecto a las obras realizadas por la empresa VM&G Construcciones Limitada, para el Comando de Ingenieros del Ejercito.","Comando de Ingenieros","Ninguna de las anteriores. - ",2014,4
"http://datos.infolobby.cl/infolobby/registroaudiencia/ad022901","ad022901","Saludos protocolares y posibilidad de cooperación Brasil / Chile en el ámbito de la industria aeronáutica.","Villavicencio 364, Santiago Centro, Santiago. Piso 22, Gabinete del Ministro","Ninguna de las anteriores. - ",2014,4
"http://datos.infolobby.cl/infolobby/registroaudiencia/ad022911","ad022911","Pensiones y Beneficios en general, solicitud de reparación por violaciones a los DDHH de las cuales serían víctimas.","Ministerio de Defensa Nacional","Diseño, implementación y evaluación de políticas, planes y programas efectuados por los sujetos pasivos. -  Elaboración, dictación, modificación, derogación o rechazo de actos administrativos, proyectos de ley y leyes, y también de las decisiones que tomen los sujetos pasivos - ",2014,4
"http://datos.infolobby.cl/infolobby/registroaudiencia/af00111","af00111","1. Modificación de la ley N°18.593 sobre Tribunales Electorales Regionales, en relación a su artículo 10 N°1. 2. Mecanismos para fiscalizar a municipios que no han constituido COSOC. 3. En caso de eventual reforma constitucional, incluir mecanismos de participación ciudadana.","Oficina subsecretaria","Elaboración, dictación, modificación, derogación o rechazo de actos administrativos, proyectos de ley y leyes, y también de las decisiones que tomen los sujetos pasivos - ",2014,4
"http://datos.infolobby.cl/infolobby/registroaudiencia/af001481","af001481","Abordar las propuestas relativas a cambios en la ley de partidos políticos y financiamiento de la política","Gabinete Ministra Rincón, Palacio de la Moneda 30 minutos de audiencia","Elaboración, dictación, modificación, derogación o rechazo de actos administrativos, proyectos de ley y leyes, y también de las decisiones que tomen los sujetos pasivos - ",2014,4
"http://datos.infolobby.cl/infolobby/registroaudiencia/af001491","af001491","1 Microsoft está comprometido con Chile desde hace más de veinte años. Contamos con una red de cerca de 2.000 socios locales y estamos poniendo en marcha un nuevo centro de datos de Microsoft en Chile (co-location) para asegurar a nuestros clientes la mejor experiencia en la nube y acceso a tecnología de manera más económica y eficiente. Estamos anunciando un nuevo plan de inversión para Chile, para los próximos 5 años, y más de 1 MM jóvenes serán entrenados en los distintos programas de ciudadanía corporativa.  2. Microsoft lanzará una incubadora/aceleradora el 3 de diciembre, en colaboración con el Ministerio de Economía, CORFO y GECHS (cámara de desarrolladores de software). Esta inversión conjunta de más de US $ 10 millones, tendrá un impacto en 4.000 nuevas empresas en los próximos cinco años.  Se trata de incubación de proyectos, encaminarlos hacia ciertas industrias, de la inserción con clientes y mentoring para acelerar la creación de nuevas compañías. Estamos enfocados en generar empresas en poco tiempo, que demoren a lo más dos años en estar instaladas, contratando personal y satisfaciendo necesidades para industrias como la minera, retail,  banca y sector público, que son muy sofisticadas y requieren del uso intensivo de tecnologías para aumentar sus niveles de eficiencia.","Gabinete Ministra Segpres","Ninguna de las anteriores. - ",2014,4
"http://datos.infolobby.cl/infolobby/registroaudiencia/ah001371","ah001371","Discusión materias sobre protección de los derechos de los consumidores financieros. exponer sobre la posición de la industria, respecto de los derechos de los consumidores en el ámbito bancario.","Gabinete Ministro","Elaboración, dictación, modificación, derogación o rechazo de actos administrativos, proyectos de ley y leyes, y también de las decisiones que tomen los sujetos pasivos - ",2014,4
"http://datos.infolobby.cl/infolobby/registroaudiencia/ah00191","ah00191","Cajeros Automáticos","Av. Libertador Bernardo OHiggins Nº 1449, Santiago Downtown Torre II, piso 12","Ninguna de las anteriores. - ",2014,4
"http://datos.infolobby.cl/infolobby/registroaudiencia/ah002551","ah002551","Cuotas 2015 Pesquerias Pelágicas III Y IV Regiones","Subsecretaria de Pesca y Acuicultura,  Bellavista # 168, piso 18, Valparaíso","Ninguna de las anteriores. - ",2014,4
"http://datos.infolobby.cl/infolobby/registroaudiencia/ah011131","ah011131","Relación público privado en el sector turismo. Ley sobre el sector turismo. Modelo de promoción y ley laboral.","Subsecretaría de Turismo","Ninguna de las anteriores. - ",2014,4
"http://datos.infolobby.cl/infolobby/registroaudiencia/ah011161","ah011161","Presentar modelo de auspicio de www.diarioturismo.cl Presentar ""Yo corro por el Turismo 2015"". Explicar taller de Emprendimiento y Tecnología para el Turismo. Vincular a Google en subsector para encuentro audiovisual.","Subsecretaría de Turismo","Ninguna de las anteriores. - ",2014,4
"http://datos.infolobby.cl/infolobby/registroaudiencia/ah011211","ah011211","Retomar mesa de trabajo Sernac. Apoyo para facilitar ingreso de turistas  a la Copa América a través de Tour Operadores. Aumento de precio en laguna ubicada en el  salar  de San Pedro de Atacama que restringe acceso.","Subsecretaría de Turismo","Ninguna de las anteriores. - ",2014,4
"http://datos.infolobby.cl/infolobby/registroaudiencia/ah01141","ah01141","Propuestas de mejoras a fin de resolver problemas que se presentan. Algunas miradas estratégicas del turismo social desde el punto de vista de la empresa.","Subsecretaría de Turismo","Ninguna de las anteriores. - ",2014,4
"http://datos.infolobby.cl/infolobby/registroaudiencia/aj001651","aj001651","Presentar situación financiera que afecta a la Escuela Básica Particular Subvencionada ""Arturo Prat"", ubicada en el Cerro La Cruz de Valparaíso, la que a raíz del Gran Incendio de abril pasado, perdió asistencia de alumnos, debido a la migración de sus residentes, producto de haber perdido sus hogares.  La Escuela presenta un déficit financiero, por lo que se requiere una solución para los años 2014, 2015, ya que para el 2016, se estima habrán regresado sus residentes al completarse la reconstrucción.","Subsecretaría de Educación, Av. Libertador Bernardo OHiggins Nº 1371, piso 6, Santiago","Diseño, implementación y evaluación de políticas, planes y programas efectuados por los sujetos pasivos. - ",2014,4
"http://datos.infolobby.cl/infolobby/registroaudiencia/ak001601","ak001601","Proyecto de Ley que Moderniza y Fortalece el Funcionamiento y la Fiscalización del Sistema Registral y Notarial","GABINETE MINISTRO - MORANDÉ 107 - PISO 3 - SANTIAGO - REGIÓN METROPOLITANA","Elaboración, dictación, modificación, derogación o rechazo de actos administrativos, proyectos de ley y leyes, y también de las decisiones que tomen los sujetos pasivos - ",2014,4
"http://datos.infolobby.cl/infolobby/registroaudiencia/ak001611","ak001611","1. Terreno Empresa TECHPACK San Miguel 2. Terreno Empresa TECHPACK San Bernardo","GABINETE MINISTRO - MORANDÉ 107 - PISO 3 - SANTIAGO - REGIÓN METROPOLITANA","Ninguna de las anteriores. - ",2014,4
"http://datos.infolobby.cl/infolobby/registroaudiencia/ak001621","ak001621","Política Institucional Asuntos Gremiales.","GABINETE MINISTRO - MORANDÉ 107 - PISO 3 - SANTIAGO - REGIÓN METROPOLITANA","Ninguna de las anteriores. - ",2014,4
"http://datos.infolobby.cl/infolobby/registroaudiencia/ak001692601","ak001692601","PROYECTO DE LEY DE NOMBRAMIENTOS FISCALIZACION Y MODERNIZACION DE NOTARIIOS Y CONSERVADOS","GABINETE MINISTRO- MORANDE 107 -PISO 3","Elaboración, dictación, modificación, derogación o rechazo de actos administrativos, proyectos de ley y leyes, y también de las decisiones que tomen los sujetos pasivos - ",2014,4
"http://datos.infolobby.cl/infolobby/registroaudiencia/al001171","al001171","Situación laboral Cencosud-Almacenes Paris.","Gabinete Subsecretario","Ninguna de las anteriores. - ",2014,4
"http://datos.infolobby.cl/infolobby/registroaudiencia/al001181","al001181","Alcance del articulado transitorio de Ley de Fármacos. Nuevo dictamen Dirección del Trabajo Preocupación por parte de empresas Salcobrand sobre como calcular la remuneración variable considerando la ampliación  a productos fármacos y no fármacos.","Gabinete subsecretaría","Elaboración, dictación, modificación, derogación o rechazo de actos administrativos, proyectos de ley y leyes, y también de las decisiones que tomen los sujetos pasivos - ",2014,4
"http://datos.infolobby.cl/infolobby/registroaudiencia/al001401","al001401","1.- Ratificación Convenio  2006 2.- Convenio 185 Documentación  Marinos Mercantes  3.-Ley de Trabajo Pesado 4.-Modificaciones al Código del trabajo, artículos 97, 116 5.- Sindicalización","Gabinete Subsecretario","Elaboración, tramitación, aprobación, modificación, derogación o rechazo de acuerdos, declaraciones o decisiones del Congreso Nacional o sus miembros incluidas sus comisiones. - ",2014,4
"http://datos.infolobby.cl/infolobby/registroaudiencia/al001461","al001461","Reformas Laborales: Principales impactos en la minería  Capacitación: Avances del Consejo de Competencias Mineras. Plan de Capacitación, posibilidad de extender cursos SENCE para estándares del Consejo Minero.","Gabinete Ministra","Diseño, implementación y evaluación de políticas, planes y programas efectuados por los sujetos pasivos. -  Elaboración, dictación, modificación, derogación o rechazo de actos administrativos, proyectos de ley y leyes, y también de las decisiones que tomen los sujetos pasivos - ",2014,4
"http://datos.infolobby.cl/infolobby/registroaudiencia/al001471","al001471","Representantes de los trabajadores de la Empresa de Ferrocarriles del Estado, pensionados por accidentes en actos del servicio, acogidos a los beneficios contemplados en el D.S. N° 2.259 de 1931, deben jubilar por vejez una vez cumplida la edad legal dejando de percibir la pensión por invalidez contemplada en el señalado D.S. N° 2.259.- Necesitan resolver la situación previsional que los afecta y para ello requieren hablar en forma urgente con la señora Ministra del Trabajo.  Acuerdo: Formación Mesa de Trabajo. Subsecretaria de Previsión Social.  Inicio de actividades: Viernes 9 de enero, 09.00 hrs.","Gabinete Ministra. Calle Huérfanos 1273. Piso 6","Ninguna de las anteriores. - ",2014,4
"http://datos.infolobby.cl/infolobby/registroaudiencia/al00151","al00151","Informar situación laboral IberoAmericana Radio Chile","Gabinete Subsecretaría","Ninguna de las anteriores. - ",2014,4
"http://datos.infolobby.cl/infolobby/registroaudiencia/al002111","al002111","Abordar temas referentes a la ley 20255, y sus nuevos alcances hacia honorarios públicos Los trabajadores públicos a honorarios plantearon sus inquietudes al Subsecretario Marcos Barraza, respecto de la obligatoriedad de cotizar de los trabajadores independientes a partir del 1 de enero del 2015 de acuerdo al cronograma de la reforma previsional del 2008.","Subsecretaría de Previsión Social, Huérfanos 1273, piso 9, Gabinete Subsecretario","Elaboración, tramitación, aprobación, modificación, derogación o rechazo de acuerdos, declaraciones o decisiones del Congreso Nacional o sus miembros incluidas sus comisiones. - ",2014,4
"http://datos.infolobby.cl/infolobby/registroaudiencia/al002191","al002191","La Asociación Nacional de Receptores Judiciales de Chile  plantearon a la autoridad sus inquietudes respecto a la situación previsional del gremio al que representan. para ello hicieron entrega de dos informes uno titulado ""Estatuto Jurídico de los Receptores Judiciales y su Régimen Previsional"" elaborado por Pilar Sáez y Miguel Aylwin, del 27 de julio del 2011, y un segundo informe titulado ""Informe Receptores Judiciales"" elaborado por Ossandon Abogados.La Autoridad instruirá el análisis en términos jurídicos de las circunstancias que plantean.  El sistema previsional de los receptores judiciales se rige por la Ley 5.931.","Huerfanos 1273, piso 9 gabinete","Elaboración, dictación, modificación, derogación o rechazo de actos administrativos, proyectos de ley y leyes, y también de las decisiones que tomen los sujetos pasivos - ",2014,4
"http://datos.infolobby.cl/infolobby/registroaudiencia/al002221","al002221","En la reunión, se planteo a la autoridad, los siguientes puntos: 1.- Problemas para calificar puestos de trabajo como pesados. 2.- Dificultad para calificar enfermedades profesionales propias del sector marítimo.  3.- Plantean que gran parte de sus problemas se solucionarían en la medida que Chile ratificara los Convenios del año 2006 y 2002, aprobados por Chile que tratan estas materias (marina mercante) a nivel internacional. 4.. Adjuntan casos que presentan problemas en el procedimiento de evaluación de enfermedades profesionales.","Huérfanos 1273, piso 9, Gabinete Subsecretario de Previsión Social","Elaboración, tramitación, aprobación, modificación, derogación o rechazo de acuerdos, declaraciones o decisiones del Congreso Nacional o sus miembros incluidas sus comisiones. - ",2014,4
"http://datos.infolobby.cl/infolobby/registroaudiencia/am00121","am00121","La Asociación tiene inquietud en la modificación del reglamento de consultores, donde quieren colaborar.  Registro de Contratistas: Asociación manifiesta que la idea es proteger al MOP en relación a asegurar la calidad de los servicios que se prestan en el ámbito de la ingeniería.","Sala reuniones Ministro MOP","Elaboración, dictación, modificación, derogación o rechazo de actos administrativos, proyectos de ley y leyes, y también de las decisiones que tomen los sujetos pasivos - ",2014,4
"http://datos.infolobby.cl/infolobby/registroaudiencia/am001211821","am001211821","1.- La preocupación de la Junta de Vecinos A-14 “Parque Mons. Escrivá de Balaguer” sobre el Plan Maestro Costanera Sur, a ser implementado por la Municipalidad de Vitacura.   2.- Trabajo y destino de la Mesa de Trabajo: Seremi, junta de vecinos y Municipa","Gabinete Ministro, Morandé 59, 6 piso  45 minutos de audiencia.","Diseño, implementación y evaluación de políticas, planes y programas efectuados por los sujetos pasivos. - ",2014,4
"http://datos.infolobby.cl/infolobby/registroaudiencia/am001761","am001761","Hacer presente una serie de actos discriminatorios y monopólicos que se han venido registrando en el marco de las licitaciones de las subconcesiones de los servicios de transporte del aeropuerto por la actual concesionaria y que de no corregirse en las actuales bases de la licitación “Aeropuerto Internacional  Arturo Merino Benítez de Santiago” que está próxima a ser adjudicada, en el sentido de sustituirse aquellos aspectos en lo que se refiere al punto 1.10.10., literal C.2.) de tal forma de no exceptuarse del proceso de licitación las subconcesiones contenidas en los puntos 1.10.9.1, letras a) “Sistema de Embarque/Desembarque, c) “Servicios en Plataforma”,  1.10.9.3.1 letra g) “Servicios de Transporte Público y sus Áreas de Estacionamiento”, entre otros, afectaría el Art. 3 del DL 211-1973.","Sala Reuniones Ministro. Morandé 59, piso 6 45 minutos de reunión audiencia.","Elaboración, dictación, modificación, derogación o rechazo de actos administrativos, proyectos de ley y leyes, y también de las decisiones que tomen los sujetos pasivos - ",2014,4
"http://datos.infolobby.cl/infolobby/registroaudiencia/am001771","am001771","Hacer presente una serie de actos discriminatorios y monopólicos que se han venido registrando en el marco de las licitaciones de las subconcesiones de los servicios de transporte del aeropuerto por la actual concesionaria y que de no corregirse en las actuales bases de la licitación “Aeropuerto Internacional  Arturo Merino Benítez de Santiago” que está próxima a ser adjudicada, en el sentido de sustituirse aquellos aspectos en lo que se refiere al punto 1.10.10., literal C.2.) de tal forma de no exceptuarse del proceso de licitación las subconcesiones contenidas en los puntos 1.10.9.1, letras a) “Sistema de Embarque/Desembarque, c) “Servicios en Plataforma”,  1.10.9.3.1 letra g) “Servicios de Transporte Público y sus Áreas de Estacionamiento”, entre otros, afectaría el Art. 3 del DL 211-1973.","Sala Reuniones Ministro. Morandé 59, piso 6 45 minutos de reunión audiencia.","Elaboración, dictación, modificación, derogación o rechazo de actos administrativos, proyectos de ley y leyes, y también de las decisiones que tomen los sujetos pasivos - ",2014,4
"http://datos.infolobby.cl/infolobby/registroaudiencia/am001781","am001781","Apoyo del MOP para proyecto copa agua resinto productivo N°3","Gabinete Ministro , Morandé 59, piso 6","Elaboración, dictación, modificación, derogación o rechazo de actos administrativos, proyectos de ley y leyes, y también de las decisiones que tomen los sujetos pasivos - ",2014,4
"http://datos.infolobby.cl/infolobby/registroaudiencia/am001811","am001811","REVISIÓN  DEL AVANCE DE LA AGENDA PERMANENTE MOP-COPSA","Gabinete Ministerio de Obras Públicas, Morandé 59, piso 6","Ninguna de las anteriores. - ",2014,4
"http://datos.infolobby.cl/infolobby/registroaudiencia/an0011151","an0011151","Presentación de las soluciones TomTom utilizadas durante los Juegos Olimpicos de Londres.","Gabinete Subsecretario","Ninguna de las anteriores. - ",2014,4
"http://datos.infolobby.cl/infolobby/registroaudiencia/an0011161","an0011161","Conocer el punto de vista del gobierno de Chile respecto de las dificultades financieras en Transantiago e informar de la exposición de EKN a esa dificultades.","Gabinete Subsecretario","Ninguna de las anteriores. - ",2014,4
"http://datos.infolobby.cl/infolobby/registroaudiencia/an0011171","an0011171","Presentación de la sociedad de capacitación Structuralia enfocada al mundo de la ingeniería","Gabinete Subsecretario","Ninguna de las anteriores. - ",2014,4
"http://datos.infolobby.cl/infolobby/registroaudiencia/an0011181","an0011181","Exponer antecedentes que dan cuenta de que el proceso de licitación de Plantas de Revisión Técnica, no da garantía de transparencia, afectándose de este modo la competencia y la imagen país.","Gabinete Subsecretario","Elaboración, dictación, modificación, derogación o rechazo de actos administrativos, proyectos de ley y leyes, y también de las decisiones que tomen los sujetos pasivos - ",2014,4
"http://datos.infolobby.cl/infolobby/registroaudiencia/an001631","an001631","Informar sobre el proyecto de conectividad (fibra óptica submarino) austral ejecutado por la empresa Telefónica del Sur S.A., proyectos del resto de las empresas de Gtd Grupo Teleductos S.A.","GABINETE MINISTRO, AMUNATEGUI 139, PISO 3","Ninguna de las anteriores. - ",2014,4
"http://datos.infolobby.cl/infolobby/registroaudiencia/an001641","an001641","Presentar a usted nuestra empresa, Recaudo Bogotá y su experiencia en la operación de la Fase 3 del Sistema Transmilenio y de la totalidad de la operación del Sistema Integrado de Transporte Publico en Bogotá (SITP), Colombia.   Recaudo Bogotá es la empresa que cumple el rol de Operador Tecnológico de la Fase 3 del Transmilenio y del sistema SITP, en Bogotá, cumpliendo las funciones de la Operación de la plataforma tecnológica para:   - Recaudo Electrónico: en buses zonales con validadores embarcados y también en zonas pagas, con torniquetes en estaciones. - Sistema de Gestión de Flota: sistema de gestión de flota de tipo on-line, con GPS embarcado, consola con comunicación al conductor e información al usuario. - Información al Usuario: Información en paraderos, buses y plataformas web. - Implementación de Red de Recarga: implementación de mas de 4.500 puntos de recarga.   Para la implantación del SITP, Recaudo Bogotá tiene como socio tecnológico a la empresa LG CNS, en donde se han implementado al día de hoy mas de 7.000 buses","Amunategui 139 piso 3","Celebración, modificación o terminación a cualquier título, de contratos que realicen los sujetos pasivos y que sean necesarios para su funcionamiento. -  Diseño, implementación y evaluación de políticas, planes y programas efectuados por los sujetos pasivos. - ",2014,4
"http://datos.infolobby.cl/infolobby/registroaudiencia/an001661","an001661","Reposición del Concurso de Frecuencias Radio Trunking en la Banda 400Mhz suspendido","Gabinete Ministro, Amunátegui 139, piso 3","Elaboración, dictación, modificación, derogación o rechazo de actos administrativos, proyectos de ley y leyes, y también de las decisiones que tomen los sujetos pasivos - ",2014,4
"http://datos.infolobby.cl/infolobby/registroaudiencia/an002821","an002821","Servicio de Radioaficionados. Radio Club de Chile como miembro de la International Amateur Union. Asamblea de IARU a;o 2016 en Chile. de los Radioaficionaos en comunicaciones en situacion de Emergencia..","Subtel","Diseño, implementación y evaluación de políticas, planes y programas efectuados por los sujetos pasivos. - ",2014,4
"http://datos.infolobby.cl/infolobby/registroaudiencia/an002831","an002831","Presentación de nuestra empresa líder en desarrollo   y producción de sistemas para los mercados de defensa y civiles para las necesidades y soluciones en el espacio, aire, tierra, mar y en CYBER. (Industria Aeroespacial de Israel -  IAI, representada por Carl Consultora - IAI en Chile)","Subtel, Gabinete Subsecretario.","Ninguna de las anteriores. - ",2014,4
"http://datos.infolobby.cl/infolobby/registroaudiencia/an002841","an002841","Formalizar el cumplimiento de las disposiciones efectuadas por la Subsecretaria de Telecomunicaciones que se han evacuado en el Decreto N° 60 del 04 de Abril del  2012.","Subtel, Oficina Subsecretario.","Ninguna de las anteriores. - ",2014,4
"http://datos.infolobby.cl/infolobby/registroaudiencia/an002851","an002851","Implementación localidades obligatorias concurso 2,6 GHz","Subtel.","Diseño, implementación y evaluación de políticas, planes y programas efectuados por los sujetos pasivos. - ",2014,4
"http://datos.infolobby.cl/infolobby/registroaudiencia/an002861","an002861","Temas con respecto a la contingencia actual de Entel S.A.","Subtel.","Elaboración, dictación, modificación, derogación o rechazo de actos administrativos, proyectos de ley y leyes, y también de las decisiones que tomen los sujetos pasivos - ",2014,4
"http://datos.infolobby.cl/infolobby/registroaudiencia/an002871","an002871","Consultar sobre el estado de avance del proceso tarifario de VTR Banda Ancha Chile S.A. Consultar sobre el foco de la agenda sectorial de la Subsecretaría para 2015.","Subtel","Diseño, implementación y evaluación de políticas, planes y programas efectuados por los sujetos pasivos. -  Elaboración, dictación, modificación, derogación o rechazo de actos administrativos, proyectos de ley y leyes, y también de las decisiones que tomen los sujetos pasivos - ",2014,4
"http://datos.infolobby.cl/infolobby/registroaudiencia/an002881","an002881","Actualización estado de la compañía.","Subtel","Ninguna de las anteriores. - ",2014,4
"http://datos.infolobby.cl/infolobby/registroaudiencia/ao0011101","ao0011101","Entrega de Propuesta para mejorar la implementacion de Politicas Publicas asociadas a VIH/SIDA","MINISTERIO DE SALUD MAC-IVER 541 3º PISO","Diseño, implementación y evaluación de políticas, planes y programas efectuados por los sujetos pasivos. - ",2014,4
"http://datos.infolobby.cl/infolobby/registroaudiencia/ao0011111","ao0011111","Temas de Salud relacionados a la décima regiòn","HOTEL PATAGONICO","Ninguna de las anteriores. - ",2014,4
"http://datos.infolobby.cl/infolobby/registroaudiencia/ao001531","ao001531","Coordinar día mundial de la salud bucal de marzo 2015 Plan Bucal año 2015 Definición de interlocutor en MINSAL, para nivel secundario de atención Solicita aumento de Odontólogos en ciclo de destinación Considerar las brechas odontológicas en la definición de nuevos establecimientos","MINISTERIO DE SALUD MAC-IVER 541 3º PISO","Ninguna de las anteriores. - ",2014,4
"http://datos.infolobby.cl/infolobby/registroaudiencia/ap001231","ap001231","Posibilidad de concretar adquisición de terreno de propiedad de la Universidad de Chile para dar solución habitacional para comités de comuna de La Reina..","Alameda 924, 4to. piso","Diseño, implementación y evaluación de políticas, planes y programas efectuados por los sujetos pasivos. - ",2014,4
"http://datos.infolobby.cl/infolobby/registroaudiencia/ap00171","ap00171","Problemas habitacionales de los Comités Don Fermín I y Grupo Bicentenario.","Minvu","Elaboración, dictación, modificación, derogación o rechazo de actos administrativos, proyectos de ley y leyes, y también de las decisiones que tomen los sujetos pasivos - ",2014,4
"http://datos.infolobby.cl/infolobby/registroaudiencia/ar001391","ar001391","La idea de la reunión: 1-  expresar la preocupación del sector productor de carne bovina referente al funcionamiento de ciertas herramientas de control de  trazabilidad, específicamente el SIPEC. 2-Exponer algunas dificultades que se generan por la actual norma PABCO para desarrollar la exportación. y 3- Proponer algunas ideas de como avanzar en un encadenamiento productivo "" piloto"" para  fomentar la exportación de carne y desarrollar a toda la cadena de valor de dicha industria.","Sala de reuniones Gabinete Subsecretario","Ninguna de las anteriores. - ",2014,4
"http://datos.infolobby.cl/infolobby/registroaudiencia/as0011011","as0011011","Saludar al Subsecretario e informarle sobre las operaciones y proyectos en Chile","GABINETE","Ninguna de las anteriores. - ",2014,4
"http://datos.infolobby.cl/infolobby/registroaudiencia/as0011031","as0011031","Explicar a la autoridad respecto de las inversiones que Herencia piensa realizar en la cuarta región.","GABINETE SUBSECRETARÍA DE MINERÍA","Ninguna de las anteriores. - ",2014,4
"http://datos.infolobby.cl/infolobby/registroaudiencia/as0011071","as0011071","Informar sobre resultados de seminario ""Crisis del Agua: diagnósticos y propuestas a partir de los consensos de la iniciativa Agua Y medioambiente""  efectuado el 24 de julio de 2014","Ministerio de Minería, Teatinos 120 Piso 9","Ninguna de las anteriores. - ",2014,4
"http://datos.infolobby.cl/infolobby/registroaudiencia/au002511","au002511","Revisión de Cartera de Proyectos Colbún","Ministerio de Energía, Alameda 1449, piso 13","Ninguna de las anteriores. - ",2014,4
"http://datos.infolobby.cl/infolobby/registroaudiencia/au002521","au002521","Proyecto Solar Fotovoltaico Inti de 80.5MWn, en la Comuna María Elena, Región II de Antofagasta, con una inversión estimada de US$160mill.","Ministerio de Energía","Elaboración, dictación, modificación, derogación o rechazo de actos administrativos, proyectos de ley y leyes, y también de las decisiones que tomen los sujetos pasivos - ",2014,4
"http://datos.infolobby.cl/infolobby/registroaudiencia/au002561","au002561","Ahorro","Alameda 1449 Torre II piso 13","Ninguna de las anteriores. - ",2014,4
"http://datos.infolobby.cl/infolobby/registroaudiencia/au002571","au002571","Avance proyecto ERNC","Alameda 1449, piso 13. Oficina Subsecretaría","Ninguna de las anteriores. - ",2014,4
"http://datos.infolobby.cl/infolobby/registroaudiencia/aw0021061","aw0021061","Dar a conocer los Proyectos de Recuperación Energética a través de los cuales estamos transformando y valorando la Materia Orgánica como un recurso indispensable para la Recuperación de los Suelos. Acta de reunión: la reunión se realizó el día 12-12-2014 en la hora señalada, el tema de la reunión a tratar fue exponer la experiencia sobre los proyectos de recuperación energética a través  de la materia orgánica y poder colaborar con el Medio Ambiente,","Oficina de Ministro (s) señor Marcelo Mena Carrasco","Ninguna de las anteriores. - ",2014,4
"http://datos.infolobby.cl/infolobby/registroaudiencia/aw0021091","aw0021091","1.- Definiciones contenidas en Decreto 39 ( 4 de marzo de 2014) 2.- Concepto de comercialización art 102  PPDA 3.- Licitaciones. Bases e irregularidades 4.- Certificaciones.  Revisión métodos de medición y experiencia. 5.- Contaminación de la leña en Reg Metropolitana.  Acta de reunión: La reunión fue realizada el día 15-12-2014, en gabinete del Ministro Pablo Badenier M, en conjunto con el señor  Sebastian Tolvett,  jefe de División de Calidad del Aire del Ministerio de Medio Ambiente,. El tema a tratar fue la preocupación por las normas  técnicas  de los equipos de calefactores a leña.","Oficina de Ministro Pablo Badenier Martínez","Elaboración, dictación, modificación, derogación o rechazo de actos administrativos, proyectos de ley y leyes, y también de las decisiones que tomen los sujetos pasivos -  Celebración, modificación o terminación a cualquier título, de contratos que realicen los sujetos pasivos y que sean necesarios para su funcionamiento. -  Diseño, implementación y evaluación de políticas, planes y programas efectuados por los sujetos pasivos. - ",2014,4
"http://datos.infolobby.cl/infolobby/registroaudiencia/aw0021411","aw0021411","Apelación de RCA energía COYANCO , dar a conocer inquetudes que les afecta a las Religiosas y comunidad del Cajón del Maipo el proyecto se llama el Canelo de la empresa Coyanco. ACTA DE REUNIÓN: La reunión se concreto día y hora señalada, el objetivo de la reunión fue entregar antecedentes y argumentos sobre el proyecto el Canelo y su relación con las Carmelitas descalzas.","Oficina de Gabinete del Ministro","Ninguna de las anteriores. - ",2014,4
"http://datos.infolobby.cl/infolobby/registroaudiencia/aw00281","aw00281","Hablar sobre emisiones de escape de los vehículos de seguridad y tendencias regulatorias en Chile Resumen Acta:  La reunión trató sobre emisiones de escape de los vehículos de seguridad y tendencias regulatorias en Chile, Participa además el jefe de la División de Calidad del Aire y profesionales de su equipo.","Sala de Reuniones de Gabinete","Ninguna de las anteriores. - ",2014,4
"http://datos.infolobby.cl/infolobby/registroaudiencia/aw002961","aw002961","Glaciares y biodiversidad Resumen de Acta: La reunión  se efectúo en gabinete del Ministro Pablo Badenier  en el día y hora señalada, los temas  tratados fueron los siguientes: Preocupación  legislativa en materia de los glaciares y biodiversidad","Oficina Ministro","Elaboración, dictación, modificación, derogación o rechazo de actos administrativos, proyectos de ley y leyes, y también de las decisiones que tomen los sujetos pasivos - ",2014,4
"http://datos.infolobby.cl/infolobby/registroaudiencia/ba001941","ba001941","Saludos y agradecimientos","Gabinete Ministra","Ninguna de las anteriores. - ",2014,4
"http://datos.infolobby.cl/infolobby/registroaudiencia/nr0021041","nr0021041","EL TEMARIO ES SOBRE LA LEY 20.742 ESPECIALMENTE LO RELACIONADO CON LA MODIFICACIÓN AL ESTATUTO, PROVISIÓN DE CARGOS MÍNIMOS Y QUE LOS ALCALDES ESTARÁN SUJETOS A SUMARIOS ADMINISTRATIVOS. ASIMISMO, SE INVITA AL CONTRALOR GENERAL A UN SEMINARIO A EFECTUARSE EN EL MES DE ENERO EN LA CIUDAD DE PUERTO MONTT.","CONTRALORÍA GENERAL DE LA REPÚBLICA","Ninguna de las anteriores. - ",2014,4
"http://datos.infolobby.cl/infolobby/registroaudiencia/nr0021281","nr0021281","LOS ALCANCES Y EFECTOS DEL OFICIO 95.979 DE LA CGR, DE FECHA 11/12/14, RELATIVOS AL PERMISO DE OBRA NUEVA N°1349-00 DE TITULARIDAD DE NUESTRA REPRESENTADA, INMOBILIARIA MALL VIÑA DEL MAR S.A., PARA LA EDIFICACIÓN DE UN CENTRO COMERCIAL EN LA CIUDAD DE VIÑA DEL MAR.","CONTRALORÍA GENERAL DE LA REPÚBLICA","Ninguna de las anteriores. - ",2014,4
"http://datos.infolobby.cl/infolobby/registroaudiencia/nr0021301","nr0021301","1.- EL SISTEMA DE SALUD DE RECOLETA NO CUENTA CON LAS AUTORIZACIONES PARA SU IMPLEMENTACIÓN POR PARTE DEL SERVICIO DE SALUD METROPOLITANO NORTE, DONDE EXISTE UN DICTAMEN DE PARTE DE LA CONTRALORÍA.2.- DESPIDOS PROFESIONALES DEL ÁREA3.- CONCURSO PÚBLICO PARA RELLENO DE VACANTES EN SALUD4.- MALTRATO FUNCIONARIO DEL ÁREA DE SALUD","CONTRALORÍA GENERAL DE LA REPÚBLICA","Ninguna de las anteriores. - ",2014,4
"http://datos.infolobby.cl/infolobby/registroaudiencia/nr002781","nr002781","SOLICITUD DE UN PRONUNCIAMIENTO DE LA CONTRALORÍA (REF. 214630) EN QUE REPRESENTAMOS A LA EMBAJADA DE FRANCIA","CONTRALORÍA GENERAL DE LA REPÚBLICA","Ninguna de las anteriores. - ",2014,4
"http://datos.infolobby.cl/infolobby/registroaudiencia/nr006ar6251","nr006ar6251","Información avances Estudio de Impacto Ambiental Planta desaladora Aguas Atacama, Caldera, Tercera Región.","Valparaíso, Región de Valparaíso","Ninguna de las anteriores. - ",2014,4
"http://datos.infolobby.cl/infolobby/registroaudiencia/nr006ar6351","nr006ar6351","Proyecto de Ley que fija porcentajes mínimos de emisión de música nacional y música de raíz.","Valparaíso, Región de Valparaíso","Ninguna de las anteriores. - ",2014,4
"http://datos.infolobby.cl/infolobby/registroaudiencia/nr006ar6421","nr006ar6421","Indicación de descarte","Valparaíso, Región de Valparaíso","Ninguna de las anteriores. - ",2014,4
"http://datos.infolobby.cl/infolobby/registroaudiencia/nr006ar6601","nr006ar6601","Violencia durante las campañas electorales","Valparaíso, Región de Valparaíso","Ninguna de las anteriores. - ",2014,4
"http://datos.infolobby.cl/infolobby/registroaudiencia/nr006ar6661","nr006ar6661","Proyecto de ley de reintegro del impuesto específico combustibles a transportistas. Reunión solicitada por Confederación de Dueños de Camiones","Santiago, Región Metropolitana de Santiago","Ninguna de las anteriores. - ",2014,4
"http://datos.infolobby.cl/infolobby/registroaudiencia/nr006ar6891","nr006ar6891","Hacer llegar las indicaciones que como conglomerado de las agrupaciones cannábicas a lo largo de Chile enmarcadas en la campaña “No Más Presos Por Plantar”, hemos realizado al proyecto de ley que busca la regulación del uso y cultivo de cannabis en nuestro país.","Valparaíso, Región de Valparaíso","Ninguna de las anteriores. - ",2014,4
"http://datos.infolobby.cl/infolobby/registroaudiencia/nr006ar6901","nr006ar6901","Observatorio Contra El Acoso Callejero Chile: Ley sobre acoso sexual callejero","Valparaíso, Región de Valparaíso","Ninguna de las anteriores. - ",2014,4
"http://datos.infolobby.cl/infolobby/registroaudiencia/nr006ar7191","nr006ar7191","Proyecto que están elaborando de modernización de la cancillería.","Santiago, Región Metropolitana de Santiago","Ninguna de las anteriores. - ",2014,4
"http://datos.infolobby.cl/infolobby/registroaudiencia/nr006ar7581","nr006ar7581","Acoso callejero","Valparaíso, Región de Valparaíso","Ninguna de las anteriores. - ",2014,4
"http://datos.infolobby.cl/infolobby/registroaudiencia/nr006ar7851","nr006ar7851","Anglo American expone su opinión sobre el proyecto de ley de glaciares.","Santiago, Región Metropolitana de Santiago","Ninguna de las anteriores. - ",2014,4
"http://datos.infolobby.cl/infolobby/registroaudiencia/nr006ar8331","nr006ar8331","Proyectos educacion","Valparaíso, Región de Valparaíso","Ninguna de las anteriores. - ",2014,4
"http://datos.infolobby.cl/infolobby/registroaudiencia/nr0081201481","nr0081201481","Medidas de protección para brigadistas forestales de Bosques Arauco, objeto de ataques incendiarios y armados.","Fiscalía Regional del Bío Bío","Elaboración, dictación, modificación, derogación o rechazo de actos administrativos, proyectos de ley y leyes, y también de las decisiones que tomen los sujetos pasivos - ",2014,4
"http://datos.infolobby.cl/infolobby/registroaudiencia/nr00822014991","nr00822014991","Excelentísimo Embajador de Japón presenta saludos protocolares al Sr. Fiscal Nacional y manifiesta preocupación por tramitación de causas vigentes en la Fiscalía Regional del Bío-Bío, concernientes a empresa representada en audiencia, y aporta antecedentes a la investigación. ","Fiscalía Nacional","Ninguna de las anteriores. - ",2014,4
"http://datos.infolobby.cl/infolobby/registroaudiencia/nr00852014991","nr00852014991","Madre de congregación Carmelitas Descalzas, junto a representante de Comunidad Ecológica El Peumo y abogado querellante, expresan preocupación por causas investigadas por la Fiscalía Local de Puente Alto, relativas a delito de incendio.","Fiscalía Nacional","Ninguna de las anteriores. - ",2014,4
"http://datos.infolobby.cl/infolobby/registroaudiencia/ab09331","ab09331","Presentar un software creado para la prevención del delito, cooperación ciudadana y gestión policial.","Sala de reuniones SPD piso 8","Ninguna de las anteriores. - ",2014,4
"http://datos.infolobby.cl/infolobby/registroaudiencia/ad006691","ad006691","la audiencia se solicitó para plantear la posibilidad de arrendar terrenos del Ejército para la implementación de producción de electricidad mediante energía solar.","Comando de Ingenieros santo domingo 3317  Quinta Normal (oficina del CINGE)","Ninguna de las anteriores. - ",2014,4
"http://datos.infolobby.cl/infolobby/registroaudiencia/af001121","af001121","IMPLEMENTACION ETIQUETADO NUTRICIONAL ALIMENTOS","gabinete ministra","Diseño, implementación y evaluación de políticas, planes y programas efectuados por los sujetos pasivos. - ",2014,4
"http://datos.infolobby.cl/infolobby/registroaudiencia/ba001931","ba001931","Talleres de habilidades socioafectivas","Gabinete","Diseño, implementación y evaluación de políticas, planes y programas efectuados por los sujetos pasivos. - ",2014,4
"http://datos.infolobby.cl/infolobby/registroaudiencia/ba001951","ba001951","Saludos Protocolares y su visión de las Políticas Deportivas Paralimpicas","Gabinete Ministra","Ninguna de las anteriores. - ",2014,4
"http://datos.infolobby.cl/infolobby/registroaudiencia/mu190236231","mu190236231","TEMA LABORAL","ALCALDIA","Ninguna de las anteriores. - ",2014,4
"http://datos.infolobby.cl/infolobby/registroaudiencia/nr0014071","nr0014071","ENTREGA DE CARTA SOLICITUD REAJUSTE CANON DE ARRIENDO DE DEPENDENCIAS DEL PRIMER JUZGADO DE LETRAS DE COYHAIQUE","Corporación Administrativa del Poder Judicial Zonal Coyhaique, 21 de Mayo #583","Celebración, modificación o terminación a cualquier título, de contratos que realicen los sujetos pasivos y que sean necesarios para su funcionamiento. - ",2014,4
"http://datos.infolobby.cl/infolobby/registroaudiencia/nr0082201481","nr0082201481","Analizar situación de despido de trabajadores de Empresa de Seguridad ARS, que presta servicios en Fiscalía Local de Chillán.","Fiscalía Regional del Bío Bío.","Ninguna de las anteriores. - ",2014,4
"http://datos.infolobby.cl/infolobby/registroaudiencia/nr00832014991","nr00832014991","El Honorable Senador Alfonso De Urresti manifiesta al Sr. Fiscal Nacional preocupación por causa investigada por la Fiscalía Regional de Los Ríos, relativa a fallecimiento del Sr. Alberto Díaz Díaz en la comuna de Lago Ranco.","Fiscalía Nacional","Ninguna de las anteriores. - ",2014,4
"http://datos.infolobby.cl/infolobby/registroaudiencia/nr00842014991","nr00842014991","Los Honorables Senadores Alejandro García-Huidobro y Alejandro Guillier manifiestan al Sr. Fiscal Nacional preocupación por causa investigada por la Fiscalía Regional de Antofagasta, relativa a presunta desgracia de guía turístico Kurt Martinson y solicitan priorizar recursos para investigación. Asisten a audiencia acompañados de familiar de presunta víctima.","Fiscalía Nacional","Ninguna de las anteriores. - ",2014,4
"http://datos.infolobby.cl/infolobby/registroaudiencia/nr00862014991","nr00862014991","Abogado de imputado expresa preocupación por tramitación de investigación vigente a cargo de Fiscalía Regional Metropolitana Sur y eventuales irregularidades en el transcurso de la misma.","Fiscalía Nacional","Ninguna de las anteriores. - ",2014,4
"http://datos.infolobby.cl/infolobby/registroaudiencia/am001681","am001681","El señor Painecura junto con dirigentes del sector costero de Carahue desean conversar sobre la pavimentación de la carretera de la Costa, tramos Tranapuente Casa de Piedra y pavimentación básica de camino a playas de Lobería 5 kilómetros y Hueañalihuen 6 kilómetros. La idea es presentar esta propuesta para su estudio y factibilidad presupuestaria 2015.","Oficina Sr. Subsecretario Sergio Galilea, ubicada en morandé 59 Piso 6º, Santiago.","Ninguna de las anteriores. - ",2014,4
"http://datos.infolobby.cl/infolobby/registroaudiencia/am001801","am001801","Situación de sequía que afecta a la zona de Petorca.-","Gabinete Ministro de Obras Públicas , Morandé 59, piso 6","Ninguna de las anteriores. - ",2014,4
"http://datos.infolobby.cl/infolobby/registroaudiencia/ar001241","ar001241","Reunión Proyecto el Canelo de San José de la Empresa Coyanco","Teatinos 40, 9° piso, Gabinete Ministro de Agricultura","Ninguna de las anteriores. - ",2014,4
"http://datos.infolobby.cl/infolobby/registroaudiencia/ar001261","ar001261","Presentación del Estudio de Evaluación del Aporte económico y social del sector Forestal en Chile (PROGEA - Universidad de Chile. Encuesta de Opinión del Sector Forestal","Teatinos 40, 9° piso","Ninguna de las anteriores. - ",2014,4
"http://datos.infolobby.cl/infolobby/registroaudiencia/au002581","au002581","Aporte jurídico para la solución de conflicto planteados en la Central Hidroeléctrica Coyanco","Alameda 1449, piso 13","Ninguna de las anteriores. - ",2014,4
"http://datos.infolobby.cl/infolobby/registroaudiencia/ad0081121","ad0081121","Currículo Vitae, recepcionado e ingresado en la Base de Datos de la División de Bienestar Social.","EN LA OFICINA DEL SR. JEFE DE LA DIVISIÓN DE BIENESTAR SOCIAL, PRIMER PISO, ALA NORTE  - EDIFICIO DEL COMANDO DE PERSONAL. GRAN AVDA. 10.525 PARADERO 32 1/2 COMUNA EL BOSQUE.","Ninguna de las anteriores. - ",2014,4
"http://datos.infolobby.cl/infolobby/registroaudiencia/ad008701","ad008701","Se recepciónó  Curriculu Vitae, el que fue entregado en la Sección Personal de la Unidad para ser considerado en la base de datos de postulantes.","OFICINA DEL SEÑOR JEFE DE LA DIVISIÓN DE BIENESTAR SOCIAL, PRIMER PISO, ALA NORTE DEL EDIFICIO DEL COMANDO DE PERSONAL, GRAN AVDA. 10.525 PARADERO 32 1/2 COMUNA EL BOSQUE.","Ninguna de las anteriores. - ",2014,4
"http://datos.infolobby.cl/infolobby/registroaudiencia/an001671","an001671","Proyectos de transporte en Valparaíso 1. Terminal Cerros de Valparaíso 2. Proyecto Teleféricos y Ascensores.","Ministerio de Transportes y Telecomunicaciones","Ninguna de las anteriores. - ",2014,4
"http://datos.infolobby.cl/infolobby/registroaudiencia/as0011001","as0011001","Conversar sobre el sistema de Pasivos Ambientales Mineros en Europa y como alguna de la normativa podría ser aplicable a Chile, aprovechando la visita a Chile de un abogado experto español. Este es un tema de permanente preocupación del Ministerio de Minería.","Sala reuniones Subsecretaria de Minería","Ninguna de las anteriores. - ",2014,4
"http://datos.infolobby.cl/infolobby/registroaudiencia/as0011021","as0011021","Presentacion de la tecnologia de higenizacion de residuos domiciliarios y otros para la generacion de energia  Pueden obtener mas informacion en nuestra WEB; www.ecohispanica.es","Gabinete Subsecretaría","Ninguna de las anteriores. - ",2014,4
"http://datos.infolobby.cl/infolobby/registroaudiencia/as0011041","as0011041","Conversación sobre perspectivas de la minería en Chile","Avda Alonso de Cordova 4260,  Vitacura","Ninguna de las anteriores. - ",2014,4
"http://datos.infolobby.cl/infolobby/registroaudiencia/aw0022151","aw0022151","Presentacion y exposicion de trabajos realizados en Chile, acerca de nuestra tecnologia de tratamiento de residuo domiciliario de higenizacion de residuos, la cual esta operativa en Madrid con excelentes resultados y que estamos evaluando introducir en Chile ya que calza perfectamente con las politicas ambientales, puesto que da soluciones ambientales (cero emisiones de gases de efecto invernadero, cero olores, cero percolados y reciclaje del 80 al 90% de los residuos), soluciones sociales (mejora la calidad de vida de los ciudadanos) y viable economicamente, ademas de generar Energia Renovable No Convencional.  Para mayor informacion, puede visitar nuestra pagina WEB: www.ecohispanica.es  RESUMEN DE ACTA:   El objetivo de la reunión fue exponer los trabajo que han realizado en Madrid sobre el tratamiento de los residuos domiciliarios y   ver la  posibilidad de  implementarlo en Chile sobre energía renovables.","Oficina  Ministro","Ninguna de las anteriores. - ",2014,4
"http://datos.infolobby.cl/infolobby/registroaudiencia/aw002971","aw002971","Es para poder intercambiar opiniones. Acta de Reunión: La reunión se sostuvo en gabinete del Ministro Pablo Badenier en el día y hora señalada, el tema a tratar fue la inquietud que existe respecto al proyecto Minero Pelambres, con funcionarios de la Gobernación Argentina","Oficina de Ministro","Ninguna de las anteriores. - ",2014,4
"http://datos.infolobby.cl/infolobby/registroaudiencia/ct00161","ct00161","Visita de cortesía en la que se tocarían temas de la colaboración del IFAI y el CPLT en la Red para la Transparencia y Acceso a la Información Pública (RTA) y la Red Iberoamericana de Protección de Datos (RIPD).","Consejo para la Transparencia Morande 360, piso 6 Santiago","Ninguna de las anteriores. - ",2014,4
"http://datos.infolobby.cl/infolobby/registroaudiencia/nr002961","nr002961","EXPONER RECLAMO EN PROCEDIMIENTOS DE DICTAMEN Nº 82.236, DE 2014, DONDE PODRÍA  EXISTIR MANIPULACION DE DOCUMENTOS E INFORMACIÓN, POR PARTE DE LA SUBSECRETARÍA DEL INTERIOR Y LA PROPIA CONTRALORIA, QUE HACEN INCURRIR A ERRORES AL SR CONTRALOR, A QUIEN LLEVAMOS 4 AÑOS PIDIENDO UNA AUDIENCIA.","CONTRALORÍA GENERAL DE LA REPÚBLICA","Ninguna de las anteriores. - ",2014,4
"http://datos.infolobby.cl/infolobby/registroaudiencia/nr0051001","nr0051001","Entrega al senador información sobre la Fundación Emilia","Senado Valparaiso","Ninguna de las anteriores. - ",2014,4
"http://datos.infolobby.cl/infolobby/registroaudiencia/nr0051071","nr0051071","Política y soluciones de manejo de residuos","Piso 9","Ninguna de las anteriores. - ",2014,4
"http://datos.infolobby.cl/infolobby/registroaudiencia/nr0051181","nr0051181","Se presentó interés de colegios particulares subvencionados en la materia que les afecta en la Reforma Educacional.","Morande 441 Oficia Senador Pizarro","Ninguna de las anteriores. - ",2014,4
"http://datos.infolobby.cl/infolobby/registroaudiencia/nr0051201","nr0051201","Entregaron opinión sobre Reforma Educacional","Morande 441","Ninguna de las anteriores. - ",2014,4
"http://datos.infolobby.cl/infolobby/registroaudiencia/nr0051341","nr0051341","Proyecto de Ley Única de Donaciones.","Oficina Del Senador En El Congreso Nacional.","Ninguna de las anteriores. - ",2014,4
"http://datos.infolobby.cl/infolobby/registroaudiencia/nr0051391","nr0051391","Presentar propuesta sobre modificaciones a la ley de Isapres","Ohiggins 1529","Ninguna de las anteriores. - ",2014,4
"http://datos.infolobby.cl/infolobby/registroaudiencia/nr005731","nr005731","Datos Personales. Realizada el 12 de diciembre de 2014","Senado","Ninguna de las anteriores. - ",2014,4
"http://datos.infolobby.cl/infolobby/registroaudiencia/nr005771","nr005771","Reformulación al sistema de salud","Alameda 1370, Oficina 702, Santiago","Ninguna de las anteriores. - ",2014,4
"http://datos.infolobby.cl/infolobby/registroaudiencia/nr005841","nr005841","Modificación ley de educación.","Sargento Aldea 306, Oficina Regional","Ninguna de las anteriores. - ",2014,4
"http://datos.infolobby.cl/infolobby/registroaudiencia/nr005851","nr005851","Conocer propuestas para reforma educativa. 15 de enero de 2015 a las 09:30 horas","Senado","Ninguna de las anteriores. - ",2014,4
"http://datos.infolobby.cl/infolobby/registroaudiencia/nr005871","nr005871","Estas personas individualizadas integran la directiva de Ajuter, quienes haran llegar una propuesta de terapia de rehabilitacion para ludopatas que sirva para complementar proyecto de ley del Senador Bianchi en relación a la ludopatía el que sera presentado dentro de las próximas semanas.","Oficina Senador Bianchi Piso 9","Ninguna de las anteriores. - ",2014,4
"http://datos.infolobby.cl/infolobby/registroaudiencia/nr006ar6021","nr006ar6021","solicitud de sindicato de areneros Rio Maipo para intervenir frente a autoridad pertinente.","Santiago, Región Metropolitana de Santiago","Ninguna de las anteriores. - ",2014,4
